{"components":[{"id":"top","model_type":0},{"id":"sird","model_type":1}],"formalism":"Cell-DEVS","message_types":[{"description":"No description available.","id":0,"name":"s_top","template":["out"]},{"description":"No description available.","id":1,"name":"s_grid","template":["totalcells","P1cells","P2cells","CSC","normalcells"]}],"model_types":[{"components":[1],"id":0,"message_type":0,"name":"top","ports":[{"name":"out","type":"output"}],"type":"coupled"},{"dim":[50,50,1],"id":1,"message_type":1,"name":"sird","ports":[{"name":"totalcells","type":"output"},{"name":"P1cells","type":"output"},{"name":"P2cells","type":"output"},{"name":"CSC","type":"output"},{"name":"normalcells","type":"output"}],"type":"coupled"}],"simulator":"Cadmium","top":1}
