{"playback":{"speed":10,"loop":false,"cache":10},"grid":{"columns":3,"width":350,"height":350,"spacing":10,"showGrid":false,"aspect":true,"layers":[{"z":0,"ports":["totalcells"],"style":0,"position":0},{"z":0,"ports":["P1cells"],"style":0,"position":1},{"z":0,"ports":["P2cells"],"style":0,"position":2},{"z":0,"ports":["CSC"],"style":0,"position":3},{"z":0,"ports":["normalcells"],"style":0,"position":4}],"styles":[{"buckets":[{"color":[255,126,117],"end":10,"start":0},{"start":10.1,"end":20,"color":[230,114,106]},{"start":20.1,"end":30,"color":[212,105,97]},{"start":30.1,"end":40,"color":[204,101,94]},{"start":40.1,"end":50,"color":[189,94,87]},{"start":50.1,"end":60,"color":[181,90,83]},{"start":60.1,"end":70,"color":[166,82,76]},{"start":70.1,"end":80,"color":[153,76,70]},{"start":80.1,"end":90,"color":[133,66,61]},{"start":90.1,"end":100,"color":[105,52,48]}]}]}}